{
  "bias": 0.0,
  "weights": {
    "BC1:HH": 0.3724955944142903,
    "BC2:HH": -0.43492525831320383,
    "BC2:HI": 0.13936116554030822,
    "BC2:IH": 0.45942533560015836,
    "BC2:II": -0.1768351762338248,
    "BC2:IK": 0.21575027832117571,
    "BC2:KI": 0.2759560107681666,
    "BC2:KK": -2.4857794263113178,
    "BC3:IH": -0.03345234966437145,
    "BP1:BB": -0.031431791881666026,
    "BQ1:HHB": -0.025029861616179577,
    "BQ1:HHO": 0.14622621038143155,
    "BQ1:HIB": 0.09667585270647228,
    "BQ1:IHO": -0.4692908021092463,
    "BQ1:IIO": 0.14624198527949123,
    "BQ2:HHB": -0.13862187296843145,
    "BQ2:HKO": -0.3231447501765159,
    "BQ2:IHB": 0.7990892799933458,
    "BQ2:IIB": -0.3634325894311537,
    "BQ3:IHB": -0.026838287592883207,
    "BQ3:IPO": 0.13041455630202922,
    "BQ4:HBO": 0.11391329603462749,
    "BQ4:HOO": -0.06178510072064175,
    "BQ4:IOB": 0.1741071573479477,
    "BW1:き乗": 0.04986300871798396,
    "BW1:でき": 0.1312495896878797,
    "BW1:とし": -0.2729577099892153,
    "BW1:とて": -0.4068679111380216,
    "BW1:は何": 0.07643106415403786,
    "BW1:サブ": 0.4582929910347185,
    "BW2:から": -0.07737383248741667,
    "BW2:しい": -0.024818437128906558,
    "BW2:する": -0.3486362408718297,
    "BW2:てい": 0.3036519159298248,
    "BW2:とし": -0.10881034300898565,
    "BW2:師デ": -0.3661002881597666,
    "BW3:い。": -0.2894192296804981,
    "BW3:から": 0.04646275124774006,
    "BW3:する": 0.10480722039394894,
    "BW3:てい": 0.24189992494558749,
    "TC1:HHI": 0.05215673474070348,
    "TC1:HII": 0.11198089445764402,
    "TC1:PII": -0.346319770476448,
    "TC2:HHI": 0.0680308101824706,
    "TC2:HII": 0.10717160370675705,
    "TC2:IHI": -0.18507958766336158,
    "TC2:III": -0.05168012447313446,
    "TC2:KHH": -0.1592325424269792,
    "TC2:PHH": 0.0274103374852161,
    "TC2:PHI": -0.10209720917789655,
    "TC3:HHI": 0.03280422635084076,
    "TC3:HHK": -0.026219743392393333,
    "TC3:IIH": -0.48294872012415657,
    "TC3:III": 0.17175464310830785,
    "TC4:HHI": 0.20014312059576794,
    "TC4:HIH": 0.039544605697957716,
    "TC4:IIH": -0.12251123955334219,
    "TC4:III": 0.09308323270052858,
    "TC4:KKK": 0.6864483662720179,
    "TQ1:KKKO": 0.755159392236631,
    "TQ2:HHHB": -0.42330247128666443,
    "TQ2:HHIO": 0.026256157492005924,
    "TQ2:HIHO": -0.4590726507833896,
    "TQ3:HHIO": 0.04061284894462263,
    "TQ3:IHIO": -0.15062350120610143,
    "TQ3:IIPB": -0.1258306647256793,
    "TQ3:KKKO": 0.14163980967318773,
    "TQ4:HHIO": 0.13520234692553745,
    "UC1:H": 0.06254770702493767,
    "UC1:I": 0.049814388971612125,
    "UC1:O": -0.09059026991142029,
    "UC2:K": 0.06866926978595389,
    "UC2:M": 0.16841357974569204,
    "UC2:O": -0.4241966587122651,
    "UC2:P": -0.03943686683030242,
    "UC3:I": 0.1151301173218777,
    "UC5:H": 0.2514896744757784,
    "UC5:I": -0.254011477862633,
    "UC6:I": 0.04099674070466099,
    "UP3:O": 0.024094194347409035,
    "UQ2:IB": -0.222323823375045,
    "UQ3:HB": -0.4104668941575246,
    "UQ3:IB": 0.2600212401588275,
    "UQ3:MB": -0.050530043475209035,
    "UW1:が": 0.03238361329224448,
    "UW1:は": -0.11049480085105262,
    "UW1:彼": 0.02909019591809133,
    "UW2:、": -0.06579349455620313,
    "UW2:い": -0.025124374190213513,
    "UW2:が": -0.2955837551042673,
    "UW2:こ": 0.2635570279991726,
    "UW2:と": -0.1618186976985936,
    "UW2:に": -0.10982732542547545,
    "UW2:る": -0.025780791118537486,
    "UW2:を": -0.24084217983753498,
    "UW2:ー": 0.11600995187234042,
    "UW2:見": -0.6423158592704379,
    "UW3:か": -0.29045014791604695,
    "UW3:く": 0.07861076846546668,
    "UW3:こ": -1.1814792811936234,
    "UW3:て": 0.7164829016447929,
    "UW3:に": 0.42450737280675405,
    "UW3:の": 0.037615655488211774,
    "UW3:は": 0.19785525991650157,
    "UW3:ま": -0.3003753432039661,
    "UW3:ら": -0.12744750217076842,
    "UW3:る": 0.5553078863659375,
    "UW3:ル": 0.4216841751553963,
    "UW3:化": 0.2725284459081588,
    "UW4:い": -0.21818416999578452,
    "UW4:う": -0.3482553747267442,
    "UW4:が": 0.42757094141592944,
    "UW4:き": -0.8170824430560445,
    "UW4:く": -0.5044272159858095,
    "UW4:け": -0.23500201959101918,
    "UW4:し": -0.16797802996111005,
    "UW4:た": 0.4875169380132324,
    "UW4:だ": 0.5173066392307105,
    "UW4:っ": -0.6178493564497415,
    "UW4:て": 0.1711630787244051,
    "UW4:で": 0.09893445283252951,
    "UW4:と": 0.1868522365779837,
    "UW4:な": 0.08781607341206563,
    "UW4:に": 0.9445283904438775,
    "UW4:の": 0.6218001478379459,
    "UW4:は": 0.9477298318243668,
    "UW4:み": -0.1904496408467845,
    "UW4:め": -0.23875050979046292,
    "UW4:り": -0.6983110256464453,
    "UW4:る": -0.8545549351623358,
    "UW4:を": 0.8744342273639112,
    "UW4:デ": -0.03613425072474795,
    "UW4:中": 0.051515152504285934,
    "UW4:学": 0.40957341332308306,
    "UW4:文": 0.024647870651540546,
    "UW4:書": -0.18369977025094827,
    "UW5:い": 0.20106176910662704,
    "UW5:う": 0.13302450672697377,
    "UW5:く": 0.275275512566732,
    "UW5:だ": -0.05726341878531026,
    "UW5:な": -0.07769498714609896,
    "UW5:は": -0.05240238340109274,
    "UW5:り": -0.4266551075442295,
    "UW5:る": 0.26440403763674014,
    "UW5:れ": 0.024252972900543287,
    "UW5:ス": 0.34738201903838417,
    "UW5:ッ": 0.08540885624787613,
    "UW5:号": 0.07659869883076512,
    "UW5:解": -0.10295456258302463,
    "UW6:だ": 0.024591294938414436,
    "UW6:る": 0.13889188392588703,
    "UW6:ク": 0.15355341555368246,
    "UW6:タ": -0.10404989840710668,
    "UW6:ー": -0.02534236706149258,
    "WC3:きI": 0.4356255299171743,
    "WC3:しI": -0.061248516681856255,
    "WC3:すI": -0.2987802102138101,
    "WC3:とI": -0.056971589199609235,
    "WC3:なI": -0.02526036297732069,
    "WC3:らI": -0.11142963134947007,
    "WC3:トK": 0.13412338883692432,
    "WC4:たI": 0.2863377812088168,
    "WC4:てI": 0.05023814509321421,
    "WC4:でH": 0.4340749356155227,
    "WC4:のH": 0.16446990858413763
  }
}