{
  "bias": 0.0,
  "weights": {
    "BC1:IH": -0.1395057923863841,
    "BC1:NH": 0.48737127991200324,
    "BC2:HH": -0.5104870718155783,
    "BC2:IH": 0.517705333062662,
    "BC2:II": -0.40124777435908454,
    "BC2:KH": -0.0206819736610661,
    "BC2:KI": 0.10575678849909187,
    "BC2:KK": -1.5461513261854922,
    "BC3:KK": 0.02042308451745065,
    "BP1:BB": -0.08653713579997767,
    "BQ1:HHB": -0.1587587384419958,
    "BQ1:HHO": 0.05093253526911252,
    "BQ1:HIB": 0.10751571722932353,
    "BQ1:HIO": -0.11741803921757253,
    "BQ1:IIO": 0.2410876726691933,
    "BQ1:NHB": 0.25016726845762277,
    "BQ2:HHB": -0.1935728062631446,
    "BQ2:HHO": 0.06718327232744999,
    "BQ2:HIO": 0.433355024066563,
    "BQ2:IHB": 0.2020937899467445,
    "BQ2:IIB": -0.21310775449781316,
    "BQ4:HBO": 0.05214162628527448,
    "BQ4:HOO": -0.05993484626589784,
    "BQ4:IOB": 0.2228138362383447,
    "BQ4:IOO": 0.02063064656440838,
    "BW1:った": 0.10035750297025295,
    "BW2:のに": -0.08819319481812096,
    "BW3:から": 0.3535759288142788,
    "BW3:こと": 0.07564578003709407,
    "BW3:した": 0.14628323777552957,
    "BW3:する": 0.11474262759833295,
    "BW3:った": -0.13889060087953228,
    "TC2:III": -0.015882471204595423,
    "TC2:KKI": 0.41117831832166263,
    "TC3:HHH": -0.05895200816536715,
    "TC3:HII": -0.06879203357499296,
    "TC3:IHH": 0.1690283865916713,
    "TC3:IIH": -0.07936033480069855,
    "TC3:III": 0.07680737213726678,
    "TC3:IIP": -0.0623917992353889,
    "TC3:IKK": 0.6493802553272627,
    "TC3:KHH": -0.03756928993702545,
    "TC4:HHH": -0.041439249778352186,
    "TC4:HII": 0.22019339850858224,
    "TC4:IHI": -0.017369189638953616,
    "TC4:III": 0.060400575376337966,
    "TC4:KKK": 0.09504836661435569,
    "TQ1:HIHB": 0.01722512720665655,
    "TQ1:IHIB": 0.018469276798341604,
    "TQ1:IHIO": -0.01976421491486861,
    "TQ1:IIHB": 0.0420454995296021,
    "TQ1:KKKO": 0.2568109107374408,
    "TQ2:HHHO": 0.016407835523877725,
    "TQ2:HHIO": 0.1835884747660909,
    "TQ2:HIHB": 0.06209761386814823,
    "TQ2:HIHO": -0.5011270658275083,
    "TQ2:HIIO": 0.07363784314067957,
    "TQ2:IHIB": 0.019923439416378832,
    "TQ2:IHIO": -0.3230191719061911,
    "TQ2:IIHO": 0.019645588497293715,
    "TQ3:HHIO": 0.05370498180443678,
    "TQ3:HIHO": -0.043336396871140555,
    "TQ3:IHIO": -0.05099523199138442,
    "TQ3:IIIB": 0.11924815719755416,
    "TQ3:IIPB": -0.04377667251137538,
    "TQ3:KKKO": 0.0697831543335757,
    "TQ4:IIPB": -0.018011312044663195,
    "UC1:K": 0.05740543234739904,
    "UC2:I": -0.1863939883389774,
    "UC2:O": -0.40652311976704103,
    "UC3:I": 0.08099216036126994,
    "UC3:K": -0.056319851341470835,
    "UC3:M": -0.12455608537920362,
    "UC4:H": -0.02722493242346474,
    "UC4:I": 0.03283268167416963,
    "UC5:H": 0.21149104363624927,
    "UC5:I": -0.04016812795424261,
    "UC5:K": 0.06781709036659081,
    "UC5:N": 0.05877811566348022,
    "UP3:O": 0.027018145461455145,
    "UQ1:HB": -0.0333602132866001,
    "UQ1:IO": -0.01569480835254304,
    "UQ1:NO": 0.12639185401275962,
    "UQ1:OO": -0.10030089455788567,
    "UQ1:PO": -0.0310050741354743,
    "UQ3:HB": -0.11541846892585343,
    "UQ3:IB": 0.03704006528142481,
    "UW1:B": -0.08543344412779996,
    "UW2:B": -0.07363254224886413,
    "UW2:、": -0.12055920288000338,
    "UW2:か": 0.01710282748157938,
    "UW2:が": -0.12549348735759985,
    "UW2:こ": 0.13661316235743146,
    "UW2:て": -0.08863020404283858,
    "UW2:に": -0.0170449381485142,
    "UW2:の": 0.2209194810859891,
    "UW2:を": -0.21736070119666745,
    "UW2:ー": 0.018776611589058217,
    "UW2:見": -0.03609977190212256,
    "UW3:い": 0.061836339407026895,
    "UW3:う": 0.11260515631385355,
    "UW3:お": -0.6481389863647402,
    "UW3:か": -0.06418299200443969,
    "UW3:が": 0.5590120007659145,
    "UW3:く": 0.05474382288091512,
    "UW3:こ": -0.13759645187541059,
    "UW3:ご": -0.6467553259940481,
    "UW3:し": -0.33567527416902954,
    "UW3:た": 0.13076364727544199,
    "UW3:っ": -0.4962347605005798,
    "UW3:で": 0.09168242389885292,
    "UW3:と": 0.1886717587322663,
    "UW3:に": 0.6157859127727864,
    "UW3:の": 0.36043306472231723,
    "UW3:は": 0.34670677623977736,
    "UW3:る": 0.4435110086161325,
    "UW3:れ": -0.01705763107992574,
    "UW3:を": 0.5693349771069163,
    "UW3:日": 0.19064256034920007,
    "UW4:い": -0.40957145040500287,
    "UW4:う": -0.05615467392697218,
    "UW4:お": 0.01715450663164928,
    "UW4:が": 0.6003200784239096,
    "UW4:き": -0.3529565218299136,
    "UW4:く": -0.18693540468130465,
    "UW4:た": -0.5624085723292229,
    "UW4:だ": 0.3032052853033085,
    "UW4:っ": -0.40073185586136,
    "UW4:て": -0.842559328650969,
    "UW4:で": 0.29441084181383426,
    "UW4:と": 0.26856378912329554,
    "UW4:な": 0.10448778930480779,
    "UW4:に": 0.4706758585444763,
    "UW4:の": 0.620590801986324,
    "UW4:は": 0.6807375715980785,
    "UW4:ほ": 0.01697913553565197,
    "UW4:も": 0.035822213370769795,
    "UW4:や": 0.20242874818727494,
    "UW4:よ": 0.1498882023001191,
    "UW4:ら": -0.6107096492148968,
    "UW4:り": -0.4962794341680996,
    "UW4:る": -1.008441777426766,
    "UW4:れ": -0.7109428839020955,
    "UW4:を": 0.8651484286663463,
    "UW4:ん": -0.2123019431946831,
    "UW5:う": 0.07732439108182862,
    "UW5:が": -0.19094022436383903,
    "UW5:た": -0.0831319088342857,
    "UW5:っ": 0.08720649547347531,
    "UW5:で": -0.06303981587602597,
    "UW5:ど": 0.17505062344285166,
    "UW5:に": -0.34126800340153335,
    "UW5:の": -0.15063541833772834,
    "UW5:め": 0.16450870946338464,
    "UW5:を": -0.21969110011269363,
    "UW6:た": -0.037492218732009266,
    "UW6:っ": 0.09038013521871037,
    "UW6:と": -0.05336427764159171,
    "UW6:に": 0.02396141027511552,
    "UW6:の": -0.07339770608053688,
    "UW6:は": -0.016854104824228697,
    "WC3:なI": -0.05682619618810185,
    "WC3:にI": 0.1429810977791582,
    "WC3:まI": -0.37512820278389397,
    "WC3:りI": 0.017436367665934083,
    "WC3:上I": -0.09309472486518888,
    "WC4:こI": 0.11686104747907586,
    "WC4:しH": 0.017355600292867666,
    "WC4:でH": 0.3914674695618866,
    "WC4:のH": 0.19700733686735555,
    "WC4:わI": 0.11425953088448658
  }
}