{
  "bias": 0.0,
  "weights": {
    "BC1:IH": -0.13946671597671464,
    "BC1:NH": 0.5261178798875578,
    "BC2:HH": -0.5105806904155739,
    "BC2:IH": 0.517885678877404,
    "BC2:II": -0.3537493430552191,
    "BC2:KH": -0.01835182858963869,
    "BC2:KI": 0.09148199330745205,
    "BC2:KK": -1.5447574084921125,
    "BC3:KK": 0.019179362441549306,
    "BP1:BB": -0.08651834154128192,
    "BP1:OO": 0.017082032242457596,
    "BQ1:HHB": -0.14851987964195484,
    "BQ1:HHO": 0.08372750149299252,
    "BQ1:HIB": 0.07326544371745569,
    "BQ1:HIO": -0.1173807266542439,
    "BQ1:IIO": 0.2675997559830744,
    "BQ1:NHB": 0.22532820831565697,
    "BQ2:HHB": -0.17803358524969745,
    "BQ2:HHO": 0.06796280238479382,
    "BQ2:HIO": 0.4331100079202863,
    "BQ2:IHB": 0.20061608020843075,
    "BQ2:IIB": -0.1843115553029149,
    "BQ3:IPB": -0.017612913479503854,
    "BQ4:HBO": 0.04447523347332278,
    "BQ4:HOO": -0.07570450065709405,
    "BQ4:IOB": 0.22290546073949624,
    "BW1:った": 0.10124422779392447,
    "BW2:のに": -0.1034913441674713,
    "BW3:から": 0.3567950757428391,
    "BW3:こと": 0.07539483297805159,
    "BW3:した": 0.14326599787954475,
    "BW3:する": 0.11418130256568047,
    "BW3:った": -0.13538534133005228,
    "BW3:ない": -0.03346277648096925,
    "TC2:III": -0.051863032264412336,
    "TC2:KKI": 0.41138737671582093,
    "TC3:HHH": -0.05883515729370322,
    "TC3:HII": -0.12385189800210586,
    "TC3:IHH": 0.17495365104774863,
    "TC3:IIH": -0.09811843114878606,
    "TC3:III": 0.023707954495737284,
    "TC3:IIP": -0.08970552320585684,
    "TC3:IKK": 0.6560015782680088,
    "TC4:HHH": -0.01855512762114513,
    "TC4:HII": 0.19153801266835674,
    "TC4:IHH": 0.018595017376637654,
    "TC4:III": 0.06051407864675269,
    "TC4:KKK": 0.09149812920013226,
    "TQ1:HHIO": 0.020470036294292084,
    "TQ1:HIHB": 0.01807006703159097,
    "TQ1:IHIB": 0.03599207441923064,
    "TQ1:IHIO": -0.01658106292931633,
    "TQ1:IIHB": 0.043207229273971234,
    "TQ1:KKKO": 0.22958042811201596,
    "TQ2:HHIO": 0.18371598723313476,
    "TQ2:HIHB": 0.09652940568016333,
    "TQ2:HIHO": -0.47583213463422414,
    "TQ2:HIIO": 0.04664348392496818,
    "TQ2:IHIB": 0.028031690466369358,
    "TQ2:IHIO": -0.28907169948744754,
    "TQ2:IIHO": 0.019782367315843635,
    "TQ3:HHIO": 0.019910247141917397,
    "TQ3:HIHO": -0.07486609725395679,
    "TQ3:IHIO": -0.08546240434502878,
    "TQ3:IIIB": 0.09458951440550316,
    "TQ3:IIPB": -0.02418476591866666,
    "TQ3:KKKO": 0.08709905736223618,
    "TQ4:IIHB": 0.0185607231025763,
    "TQ4:IIPB": -0.01674540582020943,
    "UC1:K": 0.05334629786789749,
    "UC2:I": -0.1861888267230321,
    "UC2:O": -0.23208339796713606,
    "UC3:I": 0.07929855645972451,
    "UC3:K": -0.0551693756552562,
    "UC3:M": -0.09835605442754686,
    "UC4:H": -0.04690157470207308,
    "UC4:I": 0.01857544696864123,
    "UC5:H": 0.20127488553065342,
    "UC5:K": 0.06780175648946317,
    "UC5:N": 0.05632916811831401,
    "UP3:O": 0.034675569326526004,
    "UQ1:HB": -0.027024506813184024,
    "UQ1:NO": 0.126809238502441,
    "UQ1:OO": -0.10038721435134575,
    "UQ1:PO": -0.017436785955646652,
    "UQ2:OO": -0.1600186471451489,
    "UQ3:HB": -0.11534196051695453,
    "UQ3:IB": 0.03988079854457062,
    "UW1:B": -0.08541236273097141,
    "UW2:B": -0.07362780801101171,
    "UW2:、": -0.11348633034058969,
    "UW2:か": 0.017195369431917868,
    "UW2:が": -0.12553866700488764,
    "UW2:こ": 0.1365558944501852,
    "UW2:て": -0.08905922513877212,
    "UW2:の": 0.2041130160913285,
    "UW2:を": -0.21481784853467595,
    "UW2:ー": 0.035460842898506456,
    "UW2:見": -0.03576299971392948,
    "UW3:い": 0.06247860179996974,
    "UW3:う": 0.11338608565629824,
    "UW3:お": -0.6358792724030895,
    "UW3:か": -0.08288076797990981,
    "UW3:が": 0.5633264847116123,
    "UW3:く": 0.03825075701070548,
    "UW3:こ": -0.15718193556968169,
    "UW3:ご": -0.6397526573951271,
    "UW3:し": -0.3346401809763345,
    "UW3:た": 0.13395640328665345,
    "UW3:っ": -0.509037609935716,
    "UW3:で": 0.08996697610521133,
    "UW3:と": 0.18613092444466706,
    "UW3:に": 0.6227306449314239,
    "UW3:の": 0.35779939033145525,
    "UW3:は": 0.36520165689266476,
    "UW3:る": 0.43117106793083476,
    "UW3:れ": -0.017088356295515136,
    "UW3:を": 0.5703848683564251,
    "UW3:日": 0.2059874556771562,
    "UW4:い": -0.4070365441883604,
    "UW4:う": -0.05739691155211955,
    "UW4:が": 0.600145213454607,
    "UW4:き": -0.3531608634619711,
    "UW4:く": -0.1893653659887768,
    "UW4:た": -0.5639453115243727,
    "UW4:だ": 0.3000256491675038,
    "UW4:っ": -0.41775725623811155,
    "UW4:て": -0.8457245349598997,
    "UW4:で": 0.29658563204174665,
    "UW4:と": 0.2702270256643865,
    "UW4:な": 0.11963892476355581,
    "UW4:に": 0.4729988149588718,
    "UW4:の": 0.6137627274411169,
    "UW4:は": 0.678380477307707,
    "UW4:も": 0.03678659417749518,
    "UW4:や": 0.2035303513874344,
    "UW4:よ": 0.14884002685859937,
    "UW4:ら": -0.6138419392639636,
    "UW4:り": -0.5100005917493788,
    "UW4:る": -1.0211149948827636,
    "UW4:れ": -0.7065080245783397,
    "UW4:を": 0.8839972430081996,
    "UW4:ん": -0.21330009177591375,
    "UW5:う": 0.07627368237532609,
    "UW5:が": -0.1944100989734147,
    "UW5:た": -0.0784870083008897,
    "UW5:っ": 0.09745335354504264,
    "UW5:で": -0.06539293005486072,
    "UW5:ど": 0.17329130948961755,
    "UW5:に": -0.3385233952950259,
    "UW5:の": -0.169602369363412,
    "UW5:め": 0.16277601977945189,
    "UW5:を": -0.22230288006014925,
    "UW6:た": -0.037163104677721145,
    "UW6:っ": 0.09635050092332373,
    "UW6:と": -0.03854142008046079,
    "UW6:に": 0.02613486949703167,
    "UW6:の": -0.0666053173157642,
    "UW6:は": -0.01681335867868923,
    "WC3:なI": -0.05834015257687886,
    "WC3:にI": 0.13793564440698863,
    "WC3:まI": -0.3933670944128301,
    "WC3:りI": 0.016779627458721372,
    "WC3:上I": -0.09344739840214666,
    "WC4:こI": 0.1149317466837961,
    "WC4:しH": 0.03539179590173677,
    "WC4:でH": 0.3886749377178609,
    "WC4:のH": 0.21627374047805473,
    "WC4:わI": 0.13241813581902517
  }
}