{
  "bias": 0.0,
  "weights": {
    "BC1:HH": 0.3764033492333345,
    "BC1:IH": -0.024516589288793838,
    "BC2:HH": -0.4218641688621656,
    "BC2:IH": 0.4708920273750681,
    "BC2:II": -0.16370299111116865,
    "BC2:IK": 0.2807791484521192,
    "BC2:KI": 0.2802813882294927,
    "BC2:KK": -2.499397580115035,
    "BC3:IH": -0.02854671449352318,
    "BP1:BB": -0.0488329919489534,
    "BQ1:HHB": -0.02583700221037811,
    "BQ1:HHO": 0.1984685599337376,
    "BQ1:HIB": 0.15907760089659972,
    "BQ1:IHO": -0.49220144526347065,
    "BQ1:IIO": 0.12890816847854078,
    "BQ2:HHB": -0.17373035969286943,
    "BQ2:HKO": -0.26020245508720946,
    "BQ2:IHB": 0.7686616464049367,
    "BQ2:IIB": -0.3662012995920176,
    "BQ3:IPO": 0.12887863771632005,
    "BQ4:HBO": 0.03505364696606248,
    "BQ4:HOO": -0.15077869129794524,
    "BQ4:IOB": 0.1626492326553472,
    "BW1:でき": 0.18362419176162487,
    "BW1:とし": -0.21797906063547867,
    "BW1:とて": -0.409657029439241,
    "BW1:は何": 0.07576736761249564,
    "BW1:サブ": 0.4550695185179893,
    "BW1:合わ": -0.049573663508108656,
    "BW2:から": -0.07645648095639496,
    "BW2:され": 0.02489550722420773,
    "BW2:する": -0.4230759019476018,
    "BW2:てい": 0.25389444976717684,
    "BW2:とし": -0.13099753979817094,
    "BW2:師デ": -0.3536087465171068,
    "BW3:い。": -0.26642844667767984,
    "BW3:いる": 0.02456653981381187,
    "BW3:から": 0.049762775758001004,
    "BW3:する": 0.08268990739928275,
    "BW3:てい": 0.17341773809252214,
    "TC1:HHI": 0.05273002664756689,
    "TC1:HII": 0.12828469343709117,
    "TC1:PII": -0.3686276551774581,
    "TC2:HHI": 0.19736433141395548,
    "TC2:HII": 0.0675396648915433,
    "TC2:IHI": -0.06861623836574028,
    "TC2:III": -0.04628141220716966,
    "TC2:KHH": -0.18893700446645234,
    "TC3:HII": -0.0726913832615285,
    "TC3:IIH": -0.48261363864687634,
    "TC3:III": 0.107803053310057,
    "TC4:HHI": 0.2693656134520897,
    "TC4:HIH": 0.02653512086956686,
    "TC4:IIH": -0.07998010540028572,
    "TC4:III": 0.18534645119404608,
    "TC4:KKK": 0.6569449440513276,
    "TQ1:KKKO": 0.5855784183791276,
    "TQ2:HHHB": -0.4499339441449479,
    "TQ2:HHIO": 0.02801351214069124,
    "TQ2:HIHO": -0.5377363741926935,
    "TQ3:HHIO": 0.041066407877429024,
    "TQ3:IHIO": -0.16322958241841343,
    "TQ3:IIPB": -0.11748040389744299,
    "TQ3:KKKO": 0.10573563343998423,
    "TQ4:HHIO": 0.10853068681289808,
    "UC1:H": 0.0439148077055228,
    "UC1:I": 0.025823401108605717,
    "UC1:O": -0.1479802720520636,
    "UC2:K": 0.08156502447101492,
    "UC2:M": 0.17292840846856944,
    "UC2:O": -0.3323299791936759,
    "UC2:P": -0.034747168422428615,
    "UC3:I": 0.09433448946057732,
    "UC5:H": 0.25503888531408114,
    "UC5:I": -0.21502409356654406,
    "UQ1:IO": 0.029672669849200677,
    "UQ1:KO": 0.10565420323157565,
    "UQ2:IB": -0.2115135933208235,
    "UQ3:HB": -0.3897307889132839,
    "UQ3:IB": 0.25776062747276307,
    "UQ3:MB": -0.07692294592703053,
    "UW1:が": 0.03149560309498893,
    "UW1:は": -0.09735979896260907,
    "UW1:彼": 0.027120024842737386,
    "UW2:、": -0.07368558756392853,
    "UW2:い": -0.026194903140854972,
    "UW2:が": -0.2995642807180457,
    "UW2:こ": 0.26455672911084066,
    "UW2:と": -0.16633200761688044,
    "UW2:に": -0.11220832816272405,
    "UW2:る": -0.026257685164198585,
    "UW2:を": -0.251052379365496,
    "UW2:ー": 0.12152490287085362,
    "UW2:見": -0.8589016207777916,
    "UW3:か": -0.31570676387640706,
    "UW3:く": 0.10465760503098714,
    "UW3:こ": -1.2074474754680318,
    "UW3:て": 0.7422031781993186,
    "UW3:に": 0.4370720823950974,
    "UW3:は": 0.167815866758006,
    "UW3:ま": -0.31891021666552843,
    "UW3:ら": -0.08735691094428415,
    "UW3:る": 0.5728758082831684,
    "UW3:ル": 0.4263159423881784,
    "UW3:化": 0.24329582011155818,
    "UW4:い": -0.2529302923511123,
    "UW4:う": -0.3109134051779122,
    "UW4:が": 0.47789657248819306,
    "UW4:き": -0.7888080344379984,
    "UW4:く": -0.5380413672985354,
    "UW4:け": -0.25524782752718805,
    "UW4:し": -0.14128627058556875,
    "UW4:た": 0.458044804539506,
    "UW4:だ": 0.5125379524086454,
    "UW4:っ": -0.6287606533054907,
    "UW4:て": 0.1528797773134887,
    "UW4:で": 0.12629758251578868,
    "UW4:と": 0.15002180972384105,
    "UW4:な": 0.08726826121709831,
    "UW4:に": 0.9654762660344399,
    "UW4:の": 0.6402382290676313,
    "UW4:は": 0.9664772943984032,
    "UW4:み": -0.19550488022695847,
    "UW4:め": -0.29778764314831513,
    "UW4:よ": 0.04968078770154061,
    "UW4:り": -0.7305748958637056,
    "UW4:る": -0.9015946775153588,
    "UW4:を": 0.8631362347852394,
    "UW4:デ": -0.07331786056331999,
    "UW4:パ": 0.024365266878880788,
    "UW4:中": 0.12746434498489875,
    "UW4:分": 0.04940602842467419,
    "UW4:学": 0.44280805472367885,
    "UW4:書": -0.13393494741599637,
    "UW5:い": 0.19970223145671867,
    "UW5:う": 0.10595175124565324,
    "UW5:く": 0.30639835262802934,
    "UW5:だ": -0.05231494844716327,
    "UW5:な": -0.07605092615451117,
    "UW5:は": -0.028615801965821853,
    "UW5:り": -0.332182341243921,
    "UW5:る": 0.2853623099077691,
    "UW5:れ": 0.02489357185593319,
    "UW5:ス": 0.4012568511804626,
    "UW5:ッ": 0.05689396456445725,
    "UW5:号": 0.049842818679394926,
    "UW6:が": -0.026132961754245204,
    "UW6:る": 0.14368670821422538,
    "UW6:を": 0.024835673844176714,
    "UW6:ク": 0.11542257453806767,
    "UW6:タ": -0.08148554621306524,
    "UW6:チ": 0.024782654053409875,
    "UW6:ー": -0.02496743829897203,
    "WC3:きI": 0.3816854979350174,
    "WC3:しI": -0.059799526792294694,
    "WC3:すI": -0.24476838483105054,
    "WC3:とI": -0.06106255542160564,
    "WC3:なI": -0.025520743918482667,
    "WC3:らI": -0.16746849571275324,
    "WC3:トK": 0.19233253995715902,
    "WC4:たI": 0.37069607203574,
    "WC4:てI": 0.08154696778762797,
    "WC4:でH": 0.44398096437629964,
    "WC4:のH": 0.13416101202728525
  }
}