{
  "bias": 0.0,
  "weights": {
    "BC1:IH": -0.13908139928430843,
    "BC1:NH": 0.48197335498417704,
    "BC2:HH": -0.5100707029214178,
    "BC2:IH": 0.5179481941793661,
    "BC2:II": -0.3735975618519448,
    "BC2:KI": 0.0756300475255423,
    "BC2:KK": -1.5117333132464597,
    "BC3:KK": 0.015379309977682632,
    "BP1:BB": -0.08663479075769663,
    "BQ1:HHB": -0.18080783291134622,
    "BQ1:HHO": 0.025160280413574803,
    "BQ1:HIB": 0.07084448880782211,
    "BQ1:HIO": -0.11937742530257439,
    "BQ1:IIO": 0.25399054413535715,
    "BQ1:NHB": 0.2519195398573898,
    "BQ2:HHB": -0.13705337872843565,
    "BQ2:HHO": 0.07276899320163899,
    "BQ2:HIO": 0.4327435307985199,
    "BQ2:IHB": 0.20674808754526874,
    "BQ2:IIB": -0.24816047252826245,
    "BQ4:HBO": 0.0900643681602078,
    "BQ4:IOB": 0.22518592574923932,
    "BW1:った": 0.10032754256482782,
    "BW2:のに": -0.08840374101007831,
    "BW3:から": 0.3361393209290619,
    "BW3:こと": 0.07298157365784873,
    "BW3:した": 0.14529541174795588,
    "BW3:する": 0.1114153155542698,
    "BW3:った": -0.12012235676465688,
    "BW3:ない": -0.03414268278000776,
    "TC2:KKI": 0.47000410294693284,
    "TC3:HHH": -0.0706025410902083,
    "TC3:HII": -0.10281744366043963,
    "TC3:IHH": 0.16230976184483267,
    "TC3:IIH": -0.06536652333982376,
    "TC3:III": 0.04343677664386217,
    "TC3:IIP": -0.058970457135912854,
    "TC3:IKK": 0.6737224808918154,
    "TC3:KHH": -0.018582168561696352,
    "TC4:HII": 0.14084129586444008,
    "TC4:IHH": 0.017299001285035382,
    "TC4:IHI": -0.05603425379365727,
    "TC4:KKK": 0.12320872313223745,
    "TQ1:HHIO": 0.05639822435922114,
    "TQ1:IHIB": 0.057491809899509805,
    "TQ1:IIHB": 0.06873288878652825,
    "TQ1:KKKO": 0.2323749771662707,
    "TQ2:HHHO": 0.027491385395363548,
    "TQ2:HHIO": 0.18404552836294688,
    "TQ2:HIHB": 0.06617750889857155,
    "TQ2:HIHO": -0.5050027655938389,
    "TQ2:HIIO": 0.0501620482290665,
    "TQ2:IHIB": 0.05342741835414658,
    "TQ2:IHIO": -0.3346167532448847,
    "TQ2:IIHO": 0.07933578229155545,
    "TQ3:HHIO": 0.03014024659405798,
    "TQ3:HIHO": -0.053754312942533314,
    "TQ3:IHIO": -0.0415706054134843,
    "TQ3:IIIB": 0.10949458246787529,
    "TQ3:KKKO": 0.05433770019397498,
    "TQ4:IHIO": -0.018588894828290264,
    "TQ4:IIPB": -0.015209410172123574,
    "UC1:K": 0.056663277902495146,
    "UC2:I": -0.22059957664465696,
    "UC2:O": -0.27645815459922796,
    "UC3:I": 0.08230449128849333,
    "UC3:K": -0.03962091341889385,
    "UC3:M": -0.0790510053842491,
    "UC4:H": -0.05189122329665515,
    "UC4:I": 0.059443368193635625,
    "UC5:H": 0.1915115478162572,
    "UC5:K": 0.0629216435791704,
    "UC5:N": 0.07916231023709396,
    "UC6:I": 0.06098504549975777,
    "UP3:B": -0.02689588719548283,
    "UQ1:NO": 0.12590979357888457,
    "UQ1:OO": -0.09637016174672926,
    "UQ1:PO": -0.014182016672332537,
    "UQ2:OO": -0.06409532852446337,
    "UQ3:HB": -0.1161823258873649,
    "UQ3:IB": 0.0706253562876532,
    "UW1:B": -0.07585520361337651,
    "UW2:B": -0.12439093046136276,
    "UW2:、": -0.12207062307314193,
    "UW2:か": 0.017655862868994218,
    "UW2:が": -0.12342010687205238,
    "UW2:こ": 0.13303413490726101,
    "UW2:て": -0.08553139060820325,
    "UW2:の": 0.22012258877411783,
    "UW2:を": -0.2139345949547732,
    "UW2:ー": 0.03679947363637267,
    "UW2:見": -0.053240696964849676,
    "UW3:い": 0.041266823350888715,
    "UW3:う": 0.11544420226709734,
    "UW3:お": -0.6418753320671642,
    "UW3:か": -0.08082750810557937,
    "UW3:が": 0.5494448270362214,
    "UW3:く": 0.05554335271146322,
    "UW3:こ": -0.1394705943094083,
    "UW3:ご": -0.6479328067558922,
    "UW3:し": -0.3334170625444138,
    "UW3:た": 0.14172988795771932,
    "UW3:っ": -0.5176133182272291,
    "UW3:で": 0.15130467264495615,
    "UW3:と": 0.1917720946537722,
    "UW3:に": 0.6547647814646252,
    "UW3:の": 0.3533833682085067,
    "UW3:は": 0.34793419677057463,
    "UW3:る": 0.4379504336662931,
    "UW3:れ": -0.052720044496766746,
    "UW3:を": 0.5774472256524852,
    "UW3:日": 0.20874451870605504,
    "UW4:い": -0.4125460688619524,
    "UW4:う": -0.07472887858455037,
    "UW4:お": 0.01699515127454161,
    "UW4:が": 0.5717533798063702,
    "UW4:き": -0.37709840734995553,
    "UW4:く": -0.1883464815178099,
    "UW4:た": -0.30723680027739536,
    "UW4:だ": 0.2801114346865764,
    "UW4:っ": -0.4257450354971962,
    "UW4:て": -0.8492521594500448,
    "UW4:で": 0.27172193883373275,
    "UW4:と": 0.26869050105885983,
    "UW4:な": 0.10014746952098635,
    "UW4:に": 0.4599956236609997,
    "UW4:の": 0.6146551844046139,
    "UW4:は": 0.6266614139377129,
    "UW4:ほ": 0.016842024280751332,
    "UW4:も": 0.035433430103163806,
    "UW4:や": 0.20326536601139744,
    "UW4:よ": 0.12997208867499171,
    "UW4:ら": -0.613272148397,
    "UW4:り": -0.5196253052043567,
    "UW4:る": -1.0293326539266985,
    "UW4:れ": -0.716297337592523,
    "UW4:を": 0.8713504304870685,
    "UW4:ん": -0.2194151811604944,
    "UW5:う": 0.0771225477933985,
    "UW5:が": -0.19105117846656974,
    "UW5:た": -0.08069495701101523,
    "UW5:っ": 0.0868960610018,
    "UW5:で": -0.061063588179355976,
    "UW5:ど": 0.17487094572027967,
    "UW5:に": -0.341096529781152,
    "UW5:の": -0.17483530938190772,
    "UW5:め": 0.16212794507268605,
    "UW5:を": -0.2227040699204408,
    "UW6:た": -0.036600346321199594,
    "UW6:っ": 0.09217513121503554,
    "UW6:と": -0.05825519309290711,
    "UW6:に": 0.022429742230391698,
    "UW6:の": -0.07774417258770945,
    "UW6:は": -0.01762594250450156,
    "WC3:なI": -0.057471214222249885,
    "WC3:にI": 0.11702160044421414,
    "WC3:まI": -0.3734360607505308,
    "WC3:りI": 0.0169414325866102,
    "WC3:上I": -0.09251668292314125,
    "WC4:こI": 0.1170440574133774,
    "WC4:しH": 0.01735794436686594,
    "WC4:たI": -0.2508942859669133,
    "WC4:でH": 0.3663682253577366,
    "WC4:のH": 0.19695468095267415,
    "WC4:わI": 0.11359698795284584
  }
}