{
  "bias": 0.0,
  "weights": {
    "BC1:IH": -0.1634192324595235,
    "BC2:HH": -0.313121886858018,
    "BC2:HI": 0.02239954729240464,
    "BC2:IH": 0.4295516423974136,
    "BC2:II": -0.24443853638937757,
    "BC2:IK": 0.39093941286615314,
    "BC2:KI": 0.33883513543848187,
    "BC2:KK": -2.415128971499477,
    "BC3:IH": -0.06240929493162687,
    "BP1:BB": -0.05409347304789711,
    "BP2:O": 0.18131903020632234,
    "BQ1:HHB": -0.09846882468337759,
    "BQ1:HHO": 0.1600637614570044,
    "BQ1:HIO": -0.25023325279883535,
    "BQ1:IHO": -0.4957724234409247,
    "BQ1:IIO": 0.1704173613287897,
    "BQ1:KKO": 0.03834353132932146,
    "BQ2:HHB": -0.3853471366862961,
    "BQ2:HKO": -0.17497782554075772,
    "BQ2:IHB": 0.9243529211862931,
    "BQ2:IIB": -0.027888036692195566,
    "BQ3:IHB": -0.12850068163117678,
    "BQ3:IIO": 0.08819455007067091,
    "BQ4:HBO": 0.10113055899899934,
    "BQ4:IOB": 0.1346968284791002,
    "BW1:き乗": 0.04657150651131671,
    "BW1:てい": -0.12487005653676625,
    "BW1:のあ": 0.07175385496417713,
    "BW1:は何": 0.04583765858446036,
    "BW1:サブ": 0.4642560831720298,
    "BW2:する": -0.3584870622334021,
    "BW2:師デ": -0.43573057147049515,
    "BW3:いる": -0.41069510617729993,
    "BW3:する": 0.22336643415862448,
    "BW3:だ。": 0.41655737855970176,
    "BW3:るテ": 0.050819857657060555,
    "BW3:れて": -0.04747765018747538,
    "BW3:れる": 0.07332638267565555,
    "TC1:AAI": 0.13617185436588697,
    "TC1:HII": 0.06932109659878415,
    "TC1:PII": -0.15234338772384637,
    "TC2:HHI": 0.22823030854920615,
    "TC2:HII": -0.15959082965021498,
    "TC2:IHI": -0.07505232007098148,
    "TC2:IIH": 0.08482738866544486,
    "TC2:III": -0.17184951067869303,
    "TC2:KHH": -0.28034240721076337,
    "TC3:HII": -0.06467199670690013,
    "TC3:HIP": 0.02588398410036461,
    "TC3:IHH": 0.02576108953408205,
    "TC3:IIH": -0.38372686100298276,
    "TC4:HHI": 0.2412889821140749,
    "TC4:HIH": 0.02882461289526725,
    "TC4:III": 0.03636131159441327,
    "TC4:KKK": 0.7428575639277395,
    "TQ1:HIHB": 0.057871637192852175,
    "TQ1:KKKO": 0.4542208847564773,
    "TQ2:HHHB": -0.3261519392925535,
    "TQ2:HHIO": 0.02748082739051771,
    "TQ2:HIHO": -0.6020697921227252,
    "TQ3:HIIB": -0.02358955324709482,
    "TQ3:IHIO": -0.21065692297154376,
    "TQ3:IIPB": -0.10814600206869462,
    "TQ3:KKKO": 0.10962293080068662,
    "TQ4:HHIO": 0.09667637238372359,
    "TQ4:HIIO": -0.02574167673940475,
    "TQ4:IIHB": -0.07941468480371999,
    "TQ4:IIIO": 0.04610234446240252,
    "UC1:I": 0.024282599317196563,
    "UC1:K": 0.20166430012605047,
    "UC2:H": 0.3836126516520462,
    "UC2:K": 0.12513909501332995,
    "UC2:M": 0.19309005037350957,
    "UC2:O": -0.3087740350431072,
    "UC2:P": -0.02926076508418876,
    "UC3:I": 0.219123159111547,
    "UC5:H": 0.32151340406447126,
    "UC5:I": -0.09581742191629178,
    "UC6:I": 0.06112233691122175,
    "UC6:O": -0.10988943344792045,
    "UQ1:HO": 0.05111132101804729,
    "UQ1:KB": -0.1788750534856678,
    "UQ2:IB": -0.09557787432730039,
    "UQ3:IB": 0.0924692142542248,
    "UW1:B": -0.22008044911941793,
    "UW1:は": -0.03780734505100201,
    "UW1:を": 0.023371163426682703,
    "UW1:彼": 0.07868094257743,
    "UW2:、": -0.05722960407786733,
    "UW2:が": -0.16806766234115794,
    "UW2:こ": 0.24332282628202717,
    "UW2:で": -0.022893399895305755,
    "UW2:に": -0.10848696028616864,
    "UW2:る": -0.024747981298382953,
    "UW2:を": -0.15836268574215934,
    "UW2:ー": 0.14494142043219552,
    "UW2:見": -0.9856830880897822,
    "UW3:か": -0.3382414280442092,
    "UW3:が": 0.23587494105910622,
    "UW3:く": 0.32861016060849135,
    "UW3:こ": -1.202442180382763,
    "UW3:し": -0.07359384296476855,
    "UW3:っ": -0.5254456979871663,
    "UW3:に": 0.6704122632288286,
    "UW3:の": 0.13135454229247537,
    "UW3:は": 0.5263103646822777,
    "UW3:ま": -0.023135453430165223,
    "UW3:ら": -0.02298453178687722,
    "UW3:る": 0.7728853113825573,
    "UW3:れ": -0.049228151438484635,
    "UW3:を": 0.13727077402863064,
    "UW3:ル": 0.42605191248738505,
    "UW3:化": 0.22857917258740812,
    "UW4:あ": 0.023616454630819735,
    "UW4:い": -0.4425393618120802,
    "UW4:う": -0.2458345142216413,
    "UW4:が": 0.5609257440740989,
    "UW4:き": -0.4082338485824786,
    "UW4:く": -0.31440704633137795,
    "UW4:け": -0.07229355988664259,
    "UW4:だ": 0.3017586016298906,
    "UW4:っ": -0.49212520696919326,
    "UW4:で": 0.04645200215824048,
    "UW4:と": 0.3231712439230619,
    "UW4:に": 0.9700131568082069,
    "UW4:の": 0.8112273133372263,
    "UW4:は": 1.0450035979434036,
    "UW4:み": -0.21473758010228575,
    "UW4:め": -0.1793493980340351,
    "UW4:よ": 0.048052782341164606,
    "UW4:り": -0.7028320709814361,
    "UW4:る": -0.8772079382575757,
    "UW4:を": 0.9654523259814595,
    "UW4:デ": -0.04362185127597051,
    "UW4:パ": 0.04742511603651332,
    "UW4:中": 0.023127080185194385,
    "UW4:分": 0.048390613609745614,
    "UW4:学": 0.47468622585255554,
    "UW4:書": -0.22857983449566888,
    "UW5:、": 0.13962512550545453,
    "UW5:う": 0.25486203593159895,
    "UW5:く": 0.13355935974221833,
    "UW5:た": -0.025419603892157246,
    "UW5:だ": -0.08239505670302703,
    "UW5:っ": 0.02365059567584604,
    "UW5:て": -0.3546097593613673,
    "UW5:な": -0.09904613364745127,
    "UW5:の": -0.02584887228302521,
    "UW5:は": -0.025683979934952632,
    "UW5:ら": 0.1887510817826302,
    "UW5:り": -0.18732757397995173,
    "UW5:る": 0.07689388346957612,
    "UW5:れ": 0.16453789636805655,
    "UW5:ス": 0.3946883581447961,
    "UW5:ッ": 0.05256568379629345,
    "UW5:号": 0.05270969817258453,
    "UW5:解": -0.04714226474929849,
    "UW6:か": 0.025096254999086496,
    "UW6:を": 0.023743201983830654,
    "UW6:ク": 0.1139565239997153,
    "UW6:タ": -0.07373902591221743,
    "UW6:チ": 0.047196231085062865,
    "UW6:ー": -0.024378780373252418,
    "WC3:きI": 0.10433739685878857,
    "WC3:しI": -0.18308139543894847,
    "WC3:んI": -0.35171207790138126,
    "WC3:トK": 0.1854298894152203,
    "WC4:こI": 0.10282038586785036,
    "WC4:たH": 0.023853610120020376,
    "WC4:たI": -0.12753540970594202,
    "WC4:てI": -0.7592554895148806,
    "WC4:でH": 0.558031489516443
  }
}